{"train/loss": 1.7921547889709473, "_runtime": 66, "_timestamp": 1671464015, "_step": 502, "val/loss": 1.8062702417373657}