{"train/loss": 6.929953575134277, "_runtime": 28, "_timestamp": 1671463438, "_step": 56, "val/loss": 6.853982448577881}